{"test_accuracy": 0.8858695652173914, "classification_report": {"0": {"precision": 0.9066666666666666, "recall": 0.8292682926829268, "f1-score": 0.8662420382165605, "support": 82.0}, "1": {"precision": 0.8715596330275229, "recall": 0.9313725490196079, "f1-score": 0.9004739336492891, "support": 102.0}, "accuracy": 0.8858695652173914, "macro avg": {"precision": 0.8891131498470948, "recall": 0.8803204208512674, "f1-score": 0.8833579859329248, "support": 184.0}, "weighted avg": {"precision": 0.8872051588884458, "recall": 0.8858695652173914, "f1-score": 0.8852184150325296, "support": 184.0}}}