{"test_accuracy": 0.8967391304347826, "classification_report": {"0": {"precision": 0.9090909090909091, "recall": 0.8536585365853658, "f1-score": 0.8805031446540881, "support": 82.0}, "1": {"precision": 0.8878504672897196, "recall": 0.9313725490196079, "f1-score": 0.9090909090909091, "support": 102.0}, "accuracy": 0.8967391304347826, "macro avg": {"precision": 0.8984706881903144, "recall": 0.8925155428024869, "f1-score": 0.8947970268724985, "support": 184.0}, "weighted avg": {"precision": 0.8973163163532931, "recall": 0.8967391304347826, "f1-score": 0.8963507097223259, "support": 184.0}}}