{"test_accuracy": 0.8913043478260869, "classification_report": {"0": {"precision": 0.8875, "recall": 0.8658536585365854, "f1-score": 0.8765432098765432, "support": 82.0}, "1": {"precision": 0.8942307692307693, "recall": 0.9117647058823529, "f1-score": 0.9029126213592233, "support": 102.0}, "accuracy": 0.8913043478260869, "macro avg": {"precision": 0.8908653846153847, "recall": 0.8888091822094691, "f1-score": 0.8897279156178832, "support": 184.0}, "weighted avg": {"precision": 0.8912311872909698, "recall": 0.8913043478260869, "f1-score": 0.8911610358071593, "support": 184.0}}}